source,headline,date_scraped
BBC Technology,A humming annoyance or jobs boom? Life next to 199 data centres,2025-10-26 16:22:46
BBC Technology,MS Swaminathan: The scientist who saved India from hunger,2025-10-26 16:22:46
BBC Technology,Sign up to Tech Decoded,2025-10-26 16:22:46
BBC Technology,Microsoft's Halo series heading to rival PlayStation for first time,2025-10-26 16:22:46
BBC Technology,Slow-motion footage reveals secrets of snake bites,2025-10-26 16:22:46
BBC Technology,MS Swaminathan: The scientist who saved India from hunger,2025-10-26 16:22:46
BBC Technology,"ChatGPT's new browser has potential, if you're willing to pay",2025-10-26 16:22:46
BBC Technology,How does changing the clocks affect our health?,2025-10-26 16:22:46
BBC Technology,Magnesium: Can this 'miracle mineral' really help us sleep?,2025-10-26 16:22:46
BBC Technology,Sign up to Tech Decoded,2025-10-26 16:22:46
BBC Technology,'Hidden' environmental impact of deepfake videos,2025-10-26 16:22:46
BBC Technology,UK design graduates 'competing' against AI for jobs,2025-10-26 16:22:46
BBC Technology,Armed police handcuff teen after AI mistakes crisp packet for gun in US,2025-10-26 16:22:46
BBC Technology,The health benefits of drinking matcha tea,2025-10-26 16:22:46
BBC Technology,Why walking backwards can be good for your health,2025-10-26 16:22:46
BBC Technology,The hidden calories we consume without knowing,2025-10-26 16:22:46
BBC Technology,Simple tips for cutting back on ultra-processed foods,2025-10-26 16:22:46
BBC Technology,An immersive therapy that can improve your sleep,2025-10-26 16:22:46
BBC Technology,Eight simple steps to help you live longer,2025-10-26 16:22:46
BBC Technology,How your 'second brain' changes the way you think,2025-10-26 16:22:46
BBC Technology,Why you might be younger than you think you are,2025-10-26 16:22:46
BBC Technology,The 'healthier' sweetener that could replace sugar,2025-10-26 16:22:46
BBC Technology,A powerful way to improve your fitness,2025-10-26 16:22:46
BBC Technology,Why drinking coffee can benefit your health,2025-10-26 16:22:46
BBC Technology,How to change your personality traits with intention,2025-10-26 16:22:46
BBC Technology,How you can think yourself well,2025-10-26 16:22:46
BBC Technology,Why being a 'loner' could be good for you,2025-10-26 16:22:46
BBC Technology,An eating habit that helps you maintain a healthy weight,2025-10-26 16:22:46
BBC Technology,A simple practice that is good for stress,2025-10-26 16:22:46
BBC Technology,How immersion in nature can make you feel calmer,2025-10-26 16:22:46
BBC Technology,The benefits of being a 'weekend warrior',2025-10-26 16:22:46
BBC Technology,Why friendships are key to living longer,2025-10-26 16:22:46
BBC Technology,How to reset your brain with your breath,2025-10-26 16:22:46
BBC Technology,The vegetable that can protect you from cancer,2025-10-26 16:22:46
BBC Technology,A simple and tasty way to reduce wrinkles and keep your skin healthy,2025-10-26 16:22:46
BBC Technology,Why improving your nutrition will help you think better,2025-10-26 16:22:46
BBC Technology,The surprising benefits of self-soothing touch,2025-10-26 16:22:46
BBC Technology,How your gut microbes shape your health,2025-10-26 16:22:46
BBC Technology,Is cold water swimming good for you?,2025-10-26 16:22:46
BBC Technology,Why women 'need less exercise than men',2025-10-26 16:22:46
BBC Technology,How 'tapping therapy' can help calm your mind,2025-10-26 16:22:46
BBC Technology,Can this mineral help reduce anxiety?,2025-10-26 16:22:46
BBC Technology,Why horror films are surprisingly good for you,2025-10-26 16:22:46
BBC Technology,The astronaut school hidden in a Swiss mountain,2025-10-26 16:22:46
BBC Technology,The symptom that puzzled doctors for millennia,2025-10-26 16:22:46
BBC Technology,Your toothbrush is bristling with bacteria,2025-10-26 16:22:46
BBC Technology,The people talking to God through AI,2025-10-26 16:22:46
BBC Technology,The ancient fossils hiding in plain sight,2025-10-26 16:22:46
BBC Technology,The symptom that puzzled doctors for millennia,2025-10-26 16:22:46
BBC Technology,Why people are struggling to get their meds,2025-10-26 16:22:46
BBC Technology,"'I am melting, help me': The website that transformed drug research",2025-10-26 16:22:46
BBC Technology,The bizarre history of internet outages,2025-10-26 16:22:46
BBC Technology,Your toothbrush is bristling with bacteria,2025-10-26 16:22:46
BBC Technology,How can rollercoasters hold so much weight?,2025-10-26 16:22:46
BBC Technology,The race to unlock nature’s hidden secrets,2025-10-26 16:22:46
BBC Technology,How early filmmakers invented the internet’s funniest trend,2025-10-26 16:22:46
BBC Technology,London museum brings war survivor stories to life,2025-10-26 16:22:46
BBC Technology,Americans are socialising less - here’s why that’s worrying,2025-10-26 16:22:46
BBC Technology,World-renowned wildlife photographer against the algorithm,2025-10-26 16:22:46
BBC Technology,The race to predict wildfires before they ignite,2025-10-26 16:22:46
BBC Technology,The fascinating history of the QR code,2025-10-26 16:22:46
BBC Technology,Tallulah Metcalfe's four tips for dealing with online trolls,2025-10-26 16:22:46
BBC Technology,Three tips on how to use your phone less,2025-10-26 16:22:46
BBC Technology,How space-based solar power can fuel our Earth,2025-10-26 16:22:46
BBC Technology,Why the US is going back to the moon after 50 years,2025-10-26 16:22:46
BBC Technology,The aquatic drone cleaning up waterways,2025-10-26 16:22:46
BBC Technology,How tech is helping the world’s most endangered species,2025-10-26 16:22:46
BBC Technology,Is this how AI might eliminate humanity?,2025-10-26 16:22:46
BBC Technology,The best-case scenario for AI in schools,2025-10-26 16:22:46
BBC Technology,Next generation of cancer drugs could be made in space,2025-10-26 16:22:46
BBC Technology,Behind the scenes at Gaudi's stunning La Sagrada Familia,2025-10-26 16:22:46
BBC Technology,Explaining how a touchscreen works with a sausage,2025-10-26 16:22:46
BBC Technology,Building's hard problem: Can concrete go green?,2025-10-26 16:22:46
BBC Technology,"'I watched my stolen phone head to London, Dubai and China'",2025-10-26 16:22:46
BBC Technology,I lost thousands of photos when my phone crashed. Now I print them out for my daughter,2025-10-26 16:22:46
BBC Technology,App helps patients remember appointment information,2025-10-26 16:22:46
BBC Technology,'I took a DNA test - it blew my life apart',2025-10-26 16:22:46
BBC Technology,The high tech studio transforming movie car stunts,2025-10-26 16:22:46
BBC Technology,"'Mind-boggling' poker fraud used X-ray tables, high-tech glasses and NBA players",2025-10-26 16:22:46
BBC Technology,Mum is first UK patient to trial new MS treatment,2025-10-26 16:22:46
BBC Technology,Alaska Airlines flights grounded across US due to IT outage,2025-10-26 16:22:46
BBC Technology,Can the plastic recycling industry be saved?,2025-10-26 16:22:46
